reg_id,y_id,x_id,y(center),x(center),hospital
1,1,1,34.6415625,135.441875,0
2,1,2,34.6415625,135.445625,1
3,1,3,34.6415625,135.449375,0
4,1,4,34.6415625,135.453125,0
5,1,5,34.6415625,135.456875,0
6,1,6,34.6415625,135.460625,0
7,1,7,34.6415625,135.464375,0
8,1,8,34.6415625,135.468125,0
9,1,9,34.6415625,135.471875,0
10,1,10,34.6415625,135.475625,0
11,1,11,34.6415625,135.479375,0
12,1,12,34.6415625,135.483125,0
13,1,13,34.6415625,135.486875,0
14,1,14,34.6415625,135.490625,0
15,1,15,34.6415625,135.494375,0
16,1,16,34.6415625,135.498125,0
17,1,17,34.6415625,135.501875,0
18,1,18,34.6415625,135.505625,0
19,1,19,34.6415625,135.509375,0
20,1,20,34.6415625,135.513125,0
21,1,21,34.6415625,135.516875,0
22,1,22,34.6415625,135.520625,0
23,1,23,34.6415625,135.524375,0
24,1,24,34.6415625,135.528125,0
25,1,25,34.6415625,135.531875,0
26,1,26,34.6415625,135.535625,0
27,1,27,34.6415625,135.539375,0
28,1,28,34.6415625,135.543125,0
29,1,29,34.6415625,135.546875,0
30,1,30,34.6415625,135.550625,0
31,1,31,34.6415625,135.554375,0
32,1,32,34.6415625,135.558125,0
33,2,1,34.6446875,135.441875,0
34,2,2,34.6446875,135.445625,0
35,2,3,34.6446875,135.449375,0
36,2,4,34.6446875,135.453125,0
37,2,5,34.6446875,135.456875,0
38,2,6,34.6446875,135.460625,0
39,2,7,34.6446875,135.464375,0
40,2,8,34.6446875,135.468125,0
41,2,9,34.6446875,135.471875,0
42,2,10,34.6446875,135.475625,0
43,2,11,34.6446875,135.479375,1
44,2,12,34.6446875,135.483125,0
45,2,13,34.6446875,135.486875,0
46,2,14,34.6446875,135.490625,0
47,2,15,34.6446875,135.494375,0
48,2,16,34.6446875,135.498125,0
49,2,17,34.6446875,135.501875,0
50,2,18,34.6446875,135.505625,1
51,2,19,34.6446875,135.509375,0
52,2,20,34.6446875,135.513125,0
53,2,21,34.6446875,135.516875,0
54,2,22,34.6446875,135.520625,0
55,2,23,34.6446875,135.524375,0
56,2,24,34.6446875,135.528125,0
57,2,25,34.6446875,135.531875,0
58,2,26,34.6446875,135.535625,0
59,2,27,34.6446875,135.539375,0
60,2,28,34.6446875,135.543125,0
61,2,29,34.6446875,135.546875,0
62,2,30,34.6446875,135.550625,0
63,2,31,34.6446875,135.554375,0
64,2,32,34.6446875,135.558125,0
65,3,1,34.6478125,135.441875,0
66,3,2,34.6478125,135.445625,0
67,3,3,34.6478125,135.449375,0
68,3,4,34.6478125,135.453125,0
69,3,5,34.6478125,135.456875,0
70,3,6,34.6478125,135.460625,0
71,3,7,34.6478125,135.464375,0
72,3,8,34.6478125,135.468125,0
73,3,9,34.6478125,135.471875,0
74,3,10,34.6478125,135.475625,0
75,3,11,34.6478125,135.479375,0
76,3,12,34.6478125,135.483125,0
77,3,13,34.6478125,135.486875,0
78,3,14,34.6478125,135.490625,0
79,3,15,34.6478125,135.494375,0
80,3,16,34.6478125,135.498125,0
81,3,17,34.6478125,135.501875,0
82,3,18,34.6478125,135.505625,0
83,3,19,34.6478125,135.509375,0
84,3,20,34.6478125,135.513125,0
85,3,21,34.6478125,135.516875,0
86,3,22,34.6478125,135.520625,0
87,3,23,34.6478125,135.524375,0
88,3,24,34.6478125,135.528125,0
89,3,25,34.6478125,135.531875,0
90,3,26,34.6478125,135.535625,0
91,3,27,34.6478125,135.539375,0
92,3,28,34.6478125,135.543125,0
93,3,29,34.6478125,135.546875,0
94,3,30,34.6478125,135.550625,0
95,3,31,34.6478125,135.554375,0
96,3,32,34.6478125,135.558125,0
97,4,1,34.6509375,135.441875,0
98,4,2,34.6509375,135.445625,0
99,4,3,34.6509375,135.449375,0
100,4,4,34.6509375,135.453125,0
101,4,5,34.6509375,135.456875,0
102,4,6,34.6509375,135.460625,0
103,4,7,34.6509375,135.464375,0
104,4,8,34.6509375,135.468125,0
105,4,9,34.6509375,135.471875,0
106,4,10,34.6509375,135.475625,0
107,4,11,34.6509375,135.479375,0
108,4,12,34.6509375,135.483125,0
109,4,13,34.6509375,135.486875,0
110,4,14,34.6509375,135.490625,0
111,4,15,34.6509375,135.494375,0
112,4,16,34.6509375,135.498125,0
113,4,17,34.6509375,135.501875,0
114,4,18,34.6509375,135.505625,0
115,4,19,34.6509375,135.509375,0
116,4,20,34.6509375,135.513125,0
117,4,21,34.6509375,135.516875,0
118,4,22,34.6509375,135.520625,0
119,4,23,34.6509375,135.524375,0
120,4,24,34.6509375,135.528125,0
121,4,25,34.6509375,135.531875,0
122,4,26,34.6509375,135.535625,0
123,4,27,34.6509375,135.539375,0
124,4,28,34.6509375,135.543125,0
125,4,29,34.6509375,135.546875,0
126,4,30,34.6509375,135.550625,0
127,4,31,34.6509375,135.554375,0
128,4,32,34.6509375,135.558125,0
129,5,1,34.6540625,135.441875,0
130,5,2,34.6540625,135.445625,0
131,5,3,34.6540625,135.449375,0
132,5,4,34.6540625,135.453125,0
133,5,5,34.6540625,135.456875,0
134,5,6,34.6540625,135.460625,0
135,5,7,34.6540625,135.464375,0
136,5,8,34.6540625,135.468125,0
137,5,9,34.6540625,135.471875,0
138,5,10,34.6540625,135.475625,0
139,5,11,34.6540625,135.479375,0
140,5,12,34.6540625,135.483125,0
141,5,13,34.6540625,135.486875,0
142,5,14,34.6540625,135.490625,0
143,5,15,34.6540625,135.494375,0
144,5,16,34.6540625,135.498125,0
145,5,17,34.6540625,135.501875,0
146,5,18,34.6540625,135.505625,0
147,5,19,34.6540625,135.509375,1
148,5,20,34.6540625,135.513125,0
149,5,21,34.6540625,135.516875,0
150,5,22,34.6540625,135.520625,1
151,5,23,34.6540625,135.524375,0
152,5,24,34.6540625,135.528125,1
153,5,25,34.6540625,135.531875,0
154,5,26,34.6540625,135.535625,0
155,5,27,34.6540625,135.539375,0
156,5,28,34.6540625,135.543125,0
157,5,29,34.6540625,135.546875,0
158,5,30,34.6540625,135.550625,0
159,5,31,34.6540625,135.554375,0
160,5,32,34.6540625,135.558125,0
161,6,1,34.6571875,135.441875,0
162,6,2,34.6571875,135.445625,0
163,6,3,34.6571875,135.449375,0
164,6,4,34.6571875,135.453125,0
165,6,5,34.6571875,135.456875,0
166,6,6,34.6571875,135.460625,0
167,6,7,34.6571875,135.464375,0
168,6,8,34.6571875,135.468125,0
169,6,9,34.6571875,135.471875,0
170,6,10,34.6571875,135.475625,0
171,6,11,34.6571875,135.479375,0
172,6,12,34.6571875,135.483125,0
173,6,13,34.6571875,135.486875,0
174,6,14,34.6571875,135.490625,1
175,6,15,34.6571875,135.494375,0
176,6,16,34.6571875,135.498125,0
177,6,17,34.6571875,135.501875,0
178,6,18,34.6571875,135.505625,0
179,6,19,34.6571875,135.509375,0
180,6,20,34.6571875,135.513125,0
181,6,21,34.6571875,135.516875,0
182,6,22,34.6571875,135.520625,0
183,6,23,34.6571875,135.524375,1
184,6,24,34.6571875,135.528125,0
185,6,25,34.6571875,135.531875,0
186,6,26,34.6571875,135.535625,1
187,6,27,34.6571875,135.539375,0
188,6,28,34.6571875,135.543125,0
189,6,29,34.6571875,135.546875,0
190,6,30,34.6571875,135.550625,0
191,6,31,34.6571875,135.554375,0
192,6,32,34.6571875,135.558125,0
193,7,1,34.6603125,135.441875,0
194,7,2,34.6603125,135.445625,0
195,7,3,34.6603125,135.449375,0
196,7,4,34.6603125,135.453125,0
197,7,5,34.6603125,135.456875,0
198,7,6,34.6603125,135.460625,0
199,7,7,34.6603125,135.464375,0
200,7,8,34.6603125,135.468125,0
201,7,9,34.6603125,135.471875,0
202,7,10,34.6603125,135.475625,0
203,7,11,34.6603125,135.479375,0
204,7,12,34.6603125,135.483125,0
205,7,13,34.6603125,135.486875,1
206,7,14,34.6603125,135.490625,0
207,7,15,34.6603125,135.494375,0
208,7,16,34.6603125,135.498125,0
209,7,17,34.6603125,135.501875,0
210,7,18,34.6603125,135.505625,0
211,7,19,34.6603125,135.509375,0
212,7,20,34.6603125,135.513125,0
213,7,21,34.6603125,135.516875,0
214,7,22,34.6603125,135.520625,0
215,7,23,34.6603125,135.524375,0
216,7,24,34.6603125,135.528125,0
217,7,25,34.6603125,135.531875,0
218,7,26,34.6603125,135.535625,0
219,7,27,34.6603125,135.539375,0
220,7,28,34.6603125,135.543125,0
221,7,29,34.6603125,135.546875,0
222,7,30,34.6603125,135.550625,0
223,7,31,34.6603125,135.554375,0
224,7,32,34.6603125,135.558125,0
225,8,1,34.6634375,135.441875,0
226,8,2,34.6634375,135.445625,0
227,8,3,34.6634375,135.449375,0
228,8,4,34.6634375,135.453125,0
229,8,5,34.6634375,135.456875,0
230,8,6,34.6634375,135.460625,0
231,8,7,34.6634375,135.464375,0
232,8,8,34.6634375,135.468125,0
233,8,9,34.6634375,135.471875,0
234,8,10,34.6634375,135.475625,0
235,8,11,34.6634375,135.479375,0
236,8,12,34.6634375,135.483125,0
237,8,13,34.6634375,135.486875,1
238,8,14,34.6634375,135.490625,0
239,8,15,34.6634375,135.494375,0
240,8,16,34.6634375,135.498125,0
241,8,17,34.6634375,135.501875,0
242,8,18,34.6634375,135.505625,0
243,8,19,34.6634375,135.509375,0
244,8,20,34.6634375,135.513125,0
245,8,21,34.6634375,135.516875,0
246,8,22,34.6634375,135.520625,0
247,8,23,34.6634375,135.524375,0
248,8,24,34.6634375,135.528125,0
249,8,25,34.6634375,135.531875,0
250,8,26,34.6634375,135.535625,0
251,8,27,34.6634375,135.539375,0
252,8,28,34.6634375,135.543125,0
253,8,29,34.6634375,135.546875,0
254,8,30,34.6634375,135.550625,0
255,8,31,34.6634375,135.554375,0
256,8,32,34.6634375,135.558125,0
257,9,1,34.6665625,135.441875,0
258,9,2,34.6665625,135.445625,0
259,9,3,34.6665625,135.449375,0
260,9,4,34.6665625,135.453125,0
261,9,5,34.6665625,135.456875,0
262,9,6,34.6665625,135.460625,0
263,9,7,34.6665625,135.464375,0
264,9,8,34.6665625,135.468125,0
265,9,9,34.6665625,135.471875,0
266,9,10,34.6665625,135.475625,0
267,9,11,34.6665625,135.479375,0
268,9,12,34.6665625,135.483125,0
269,9,13,34.6665625,135.486875,0
270,9,14,34.6665625,135.490625,0
271,9,15,34.6665625,135.494375,0
272,9,16,34.6665625,135.498125,0
273,9,17,34.6665625,135.501875,0
274,9,18,34.6665625,135.505625,0
275,9,19,34.6665625,135.509375,0
276,9,20,34.6665625,135.513125,0
277,9,21,34.6665625,135.516875,0
278,9,22,34.6665625,135.520625,0
279,9,23,34.6665625,135.524375,0
280,9,24,34.6665625,135.528125,0
281,9,25,34.6665625,135.531875,0
282,9,26,34.6665625,135.535625,0
283,9,27,34.6665625,135.539375,0
284,9,28,34.6665625,135.543125,0
285,9,29,34.6665625,135.546875,0
286,9,30,34.6665625,135.550625,0
287,9,31,34.6665625,135.554375,0
288,9,32,34.6665625,135.558125,0
289,10,1,34.6696875,135.441875,0
290,10,2,34.6696875,135.445625,0
291,10,3,34.6696875,135.449375,0
292,10,4,34.6696875,135.453125,0
293,10,5,34.6696875,135.456875,0
294,10,6,34.6696875,135.460625,0
295,10,7,34.6696875,135.464375,0
296,10,8,34.6696875,135.468125,1
297,10,9,34.6696875,135.471875,0
298,10,10,34.6696875,135.475625,0
299,10,11,34.6696875,135.479375,0
300,10,12,34.6696875,135.483125,0
301,10,13,34.6696875,135.486875,0
302,10,14,34.6696875,135.490625,0
303,10,15,34.6696875,135.494375,1
304,10,16,34.6696875,135.498125,0
305,10,17,34.6696875,135.501875,0
306,10,18,34.6696875,135.505625,0
307,10,19,34.6696875,135.509375,0
308,10,20,34.6696875,135.513125,0
309,10,21,34.6696875,135.516875,0
310,10,22,34.6696875,135.520625,0
311,10,23,34.6696875,135.524375,0
312,10,24,34.6696875,135.528125,0
313,10,25,34.6696875,135.531875,0
314,10,26,34.6696875,135.535625,0
315,10,27,34.6696875,135.539375,0
316,10,28,34.6696875,135.543125,0
317,10,29,34.6696875,135.546875,0
318,10,30,34.6696875,135.550625,0
319,10,31,34.6696875,135.554375,0
320,10,32,34.6696875,135.558125,0
321,11,1,34.6728125,135.441875,0
322,11,2,34.6728125,135.445625,0
323,11,3,34.6728125,135.449375,0
324,11,4,34.6728125,135.453125,0
325,11,5,34.6728125,135.456875,0
326,11,6,34.6728125,135.460625,1
327,11,7,34.6728125,135.464375,0
328,11,8,34.6728125,135.468125,0
329,11,9,34.6728125,135.471875,0
330,11,10,34.6728125,135.475625,0
331,11,11,34.6728125,135.479375,1
332,11,12,34.6728125,135.483125,0
333,11,13,34.6728125,135.486875,0
334,11,14,34.6728125,135.490625,0
335,11,15,34.6728125,135.494375,0
336,11,16,34.6728125,135.498125,0
337,11,17,34.6728125,135.501875,0
338,11,18,34.6728125,135.505625,0
339,11,19,34.6728125,135.509375,0
340,11,20,34.6728125,135.513125,0
341,11,21,34.6728125,135.516875,0
342,11,22,34.6728125,135.520625,0
343,11,23,34.6728125,135.524375,0
344,11,24,34.6728125,135.528125,1
345,11,25,34.6728125,135.531875,0
346,11,26,34.6728125,135.535625,0
347,11,27,34.6728125,135.539375,0
348,11,28,34.6728125,135.543125,0
349,11,29,34.6728125,135.546875,0
350,11,30,34.6728125,135.550625,0
351,11,31,34.6728125,135.554375,0
352,11,32,34.6728125,135.558125,0
353,12,1,34.6759375,135.441875,0
354,12,2,34.6759375,135.445625,0
355,12,3,34.6759375,135.449375,0
356,12,4,34.6759375,135.453125,0
357,12,5,34.6759375,135.456875,0
358,12,6,34.6759375,135.460625,1
359,12,7,34.6759375,135.464375,0
360,12,8,34.6759375,135.468125,0
361,12,9,34.6759375,135.471875,0
362,12,10,34.6759375,135.475625,0
363,12,11,34.6759375,135.479375,0
364,12,12,34.6759375,135.483125,0
365,12,13,34.6759375,135.486875,0
366,12,14,34.6759375,135.490625,0
367,12,15,34.6759375,135.494375,0
368,12,16,34.6759375,135.498125,0
369,12,17,34.6759375,135.501875,0
370,12,18,34.6759375,135.505625,0
371,12,19,34.6759375,135.509375,0
372,12,20,34.6759375,135.513125,0
373,12,21,34.6759375,135.516875,0
374,12,22,34.6759375,135.520625,0
375,12,23,34.6759375,135.524375,0
376,12,24,34.6759375,135.528125,0
377,12,25,34.6759375,135.531875,0
378,12,26,34.6759375,135.535625,0
379,12,27,34.6759375,135.539375,0
380,12,28,34.6759375,135.543125,0
381,12,29,34.6759375,135.546875,0
382,12,30,34.6759375,135.550625,0
383,12,31,34.6759375,135.554375,0
384,12,32,34.6759375,135.558125,0
385,13,1,34.6790625,135.441875,0
386,13,2,34.6790625,135.445625,0
387,13,3,34.6790625,135.449375,0
388,13,4,34.6790625,135.453125,0
389,13,5,34.6790625,135.456875,0
390,13,6,34.6790625,135.460625,0
391,13,7,34.6790625,135.464375,0
392,13,8,34.6790625,135.468125,0
393,13,9,34.6790625,135.471875,0
394,13,10,34.6790625,135.475625,0
395,13,11,34.6790625,135.479375,0
396,13,12,34.6790625,135.483125,0
397,13,13,34.6790625,135.486875,0
398,13,14,34.6790625,135.490625,0
399,13,15,34.6790625,135.494375,0
400,13,16,34.6790625,135.498125,0
401,13,17,34.6790625,135.501875,0
402,13,18,34.6790625,135.505625,0
403,13,19,34.6790625,135.509375,0
404,13,20,34.6790625,135.513125,0
405,13,21,34.6790625,135.516875,0
406,13,22,34.6790625,135.520625,0
407,13,23,34.6790625,135.524375,0
408,13,24,34.6790625,135.528125,0
409,13,25,34.6790625,135.531875,0
410,13,26,34.6790625,135.535625,0
411,13,27,34.6790625,135.539375,0
412,13,28,34.6790625,135.543125,0
413,13,29,34.6790625,135.546875,0
414,13,30,34.6790625,135.550625,0
415,13,31,34.6790625,135.554375,0
416,13,32,34.6790625,135.558125,0
417,14,1,34.6821875,135.441875,0
418,14,2,34.6821875,135.445625,0
419,14,3,34.6821875,135.449375,0
420,14,4,34.6821875,135.453125,1
421,14,5,34.6821875,135.456875,0
422,14,6,34.6821875,135.460625,0
423,14,7,34.6821875,135.464375,0
424,14,8,34.6821875,135.468125,0
425,14,9,34.6821875,135.471875,0
426,14,10,34.6821875,135.475625,0
427,14,11,34.6821875,135.479375,0
428,14,12,34.6821875,135.483125,0
429,14,13,34.6821875,135.486875,0
430,14,14,34.6821875,135.490625,0
431,14,15,34.6821875,135.494375,0
432,14,16,34.6821875,135.498125,0
433,14,17,34.6821875,135.501875,0
434,14,18,34.6821875,135.505625,1
435,14,19,34.6821875,135.509375,0
436,14,20,34.6821875,135.513125,0
437,14,21,34.6821875,135.516875,0
438,14,22,34.6821875,135.520625,0
439,14,23,34.6821875,135.524375,0
440,14,24,34.6821875,135.528125,0
441,14,25,34.6821875,135.531875,0
442,14,26,34.6821875,135.535625,0
443,14,27,34.6821875,135.539375,0
444,14,28,34.6821875,135.543125,0
445,14,29,34.6821875,135.546875,0
446,14,30,34.6821875,135.550625,0
447,14,31,34.6821875,135.554375,0
448,14,32,34.6821875,135.558125,0
449,15,1,34.6853125,135.441875,1
450,15,2,34.6853125,135.445625,0
451,15,3,34.6853125,135.449375,0
452,15,4,34.6853125,135.453125,0
453,15,5,34.6853125,135.456875,0
454,15,6,34.6853125,135.460625,0
455,15,7,34.6853125,135.464375,0
456,15,8,34.6853125,135.468125,0
457,15,9,34.6853125,135.471875,0
458,15,10,34.6853125,135.475625,0
459,15,11,34.6853125,135.479375,0
460,15,12,34.6853125,135.483125,0
461,15,13,34.6853125,135.486875,0
462,15,14,34.6853125,135.490625,0
463,15,15,34.6853125,135.494375,0
464,15,16,34.6853125,135.498125,0
465,15,17,34.6853125,135.501875,0
466,15,18,34.6853125,135.505625,0
467,15,19,34.6853125,135.509375,0
468,15,20,34.6853125,135.513125,0
469,15,21,34.6853125,135.516875,0
470,15,22,34.6853125,135.520625,0
471,15,23,34.6853125,135.524375,1
472,15,24,34.6853125,135.528125,0
473,15,25,34.6853125,135.531875,0
474,15,26,34.6853125,135.535625,0
475,15,27,34.6853125,135.539375,0
476,15,28,34.6853125,135.543125,0
477,15,29,34.6853125,135.546875,0
478,15,30,34.6853125,135.550625,0
479,15,31,34.6853125,135.554375,0
480,15,32,34.6853125,135.558125,0
481,16,1,34.6884375,135.441875,0
482,16,2,34.6884375,135.445625,0
483,16,3,34.6884375,135.449375,0
484,16,4,34.6884375,135.453125,0
485,16,5,34.6884375,135.456875,0
486,16,6,34.6884375,135.460625,0
487,16,7,34.6884375,135.464375,0
488,16,8,34.6884375,135.468125,0
489,16,9,34.6884375,135.471875,0
490,16,10,34.6884375,135.475625,0
491,16,11,34.6884375,135.479375,1
492,16,12,34.6884375,135.483125,0
493,16,13,34.6884375,135.486875,0
494,16,14,34.6884375,135.490625,0
495,16,15,34.6884375,135.494375,0
496,16,16,34.6884375,135.498125,0
497,16,17,34.6884375,135.501875,1
498,16,18,34.6884375,135.505625,0
499,16,19,34.6884375,135.509375,0
500,16,20,34.6884375,135.513125,0
501,16,21,34.6884375,135.516875,0
502,16,22,34.6884375,135.520625,0
503,16,23,34.6884375,135.524375,0
504,16,24,34.6884375,135.528125,0
505,16,25,34.6884375,135.531875,0
506,16,26,34.6884375,135.535625,0
507,16,27,34.6884375,135.539375,1
508,16,28,34.6884375,135.543125,0
509,16,29,34.6884375,135.546875,0
510,16,30,34.6884375,135.550625,0
511,16,31,34.6884375,135.554375,0
512,16,32,34.6884375,135.558125,0
513,17,1,34.6915625,135.441875,0
514,17,2,34.6915625,135.445625,0
515,17,3,34.6915625,135.449375,0
516,17,4,34.6915625,135.453125,0
517,17,5,34.6915625,135.456875,0
518,17,6,34.6915625,135.460625,0
519,17,7,34.6915625,135.464375,0
520,17,8,34.6915625,135.468125,0
521,17,9,34.6915625,135.471875,0
522,17,10,34.6915625,135.475625,1
523,17,11,34.6915625,135.479375,0
524,17,12,34.6915625,135.483125,0
525,17,13,34.6915625,135.486875,0
526,17,14,34.6915625,135.490625,0
527,17,15,34.6915625,135.494375,0
528,17,16,34.6915625,135.498125,0
529,17,17,34.6915625,135.501875,0
530,17,18,34.6915625,135.505625,0
531,17,19,34.6915625,135.509375,0
532,17,20,34.6915625,135.513125,0
533,17,21,34.6915625,135.516875,0
534,17,22,34.6915625,135.520625,0
535,17,23,34.6915625,135.524375,1
536,17,24,34.6915625,135.528125,0
537,17,25,34.6915625,135.531875,0
538,17,26,34.6915625,135.535625,0
539,17,27,34.6915625,135.539375,0
540,17,28,34.6915625,135.543125,0
541,17,29,34.6915625,135.546875,0
542,17,30,34.6915625,135.550625,0
543,17,31,34.6915625,135.554375,0
544,17,32,34.6915625,135.558125,0
545,18,1,34.6946875,135.441875,0
546,18,2,34.6946875,135.445625,0
547,18,3,34.6946875,135.449375,0
548,18,4,34.6946875,135.453125,0
549,18,5,34.6946875,135.456875,0
550,18,6,34.6946875,135.460625,1
551,18,7,34.6946875,135.464375,0
552,18,8,34.6946875,135.468125,0
553,18,9,34.6946875,135.471875,0
554,18,10,34.6946875,135.475625,0
555,18,11,34.6946875,135.479375,0
556,18,12,34.6946875,135.483125,0
557,18,13,34.6946875,135.486875,0
558,18,14,34.6946875,135.490625,0
559,18,15,34.6946875,135.494375,0
560,18,16,34.6946875,135.498125,0
561,18,17,34.6946875,135.501875,1
562,18,18,34.6946875,135.505625,0
563,18,19,34.6946875,135.509375,0
564,18,20,34.6946875,135.513125,0
565,18,21,34.6946875,135.516875,0
566,18,22,34.6946875,135.520625,0
567,18,23,34.6946875,135.524375,0
568,18,24,34.6946875,135.528125,0
569,18,25,34.6946875,135.531875,0
570,18,26,34.6946875,135.535625,0
571,18,27,34.6946875,135.539375,0
572,18,28,34.6946875,135.543125,0
573,18,29,34.6946875,135.546875,0
574,18,30,34.6946875,135.550625,0
575,18,31,34.6946875,135.554375,0
576,18,32,34.6946875,135.558125,0
577,19,1,34.6978125,135.441875,0
578,19,2,34.6978125,135.445625,0
579,19,3,34.6978125,135.449375,0
580,19,4,34.6978125,135.453125,0
581,19,5,34.6978125,135.456875,0
582,19,6,34.6978125,135.460625,0
583,19,7,34.6978125,135.464375,0
584,19,8,34.6978125,135.468125,0
585,19,9,34.6978125,135.471875,0
586,19,10,34.6978125,135.475625,0
587,19,11,34.6978125,135.479375,0
588,19,12,34.6978125,135.483125,0
589,19,13,34.6978125,135.486875,0
590,19,14,34.6978125,135.490625,0
591,19,15,34.6978125,135.494375,0
592,19,16,34.6978125,135.498125,0
593,19,17,34.6978125,135.501875,0
594,19,18,34.6978125,135.505625,0
595,19,19,34.6978125,135.509375,0
596,19,20,34.6978125,135.513125,0
597,19,21,34.6978125,135.516875,0
598,19,22,34.6978125,135.520625,0
599,19,23,34.6978125,135.524375,0
600,19,24,34.6978125,135.528125,0
601,19,25,34.6978125,135.531875,0
602,19,26,34.6978125,135.535625,0
603,19,27,34.6978125,135.539375,0
604,19,28,34.6978125,135.543125,0
605,19,29,34.6978125,135.546875,0
606,19,30,34.6978125,135.550625,0
607,19,31,34.6978125,135.554375,0
608,19,32,34.6978125,135.558125,0
609,20,1,34.7009375,135.441875,0
610,20,2,34.7009375,135.445625,0
611,20,3,34.7009375,135.449375,0
612,20,4,34.7009375,135.453125,0
613,20,5,34.7009375,135.456875,0
614,20,6,34.7009375,135.460625,0
615,20,7,34.7009375,135.464375,0
616,20,8,34.7009375,135.468125,0
617,20,9,34.7009375,135.471875,0
618,20,10,34.7009375,135.475625,0
619,20,11,34.7009375,135.479375,0
620,20,12,34.7009375,135.483125,0
621,20,13,34.7009375,135.486875,0
622,20,14,34.7009375,135.490625,0
623,20,15,34.7009375,135.494375,0
624,20,16,34.7009375,135.498125,0
625,20,17,34.7009375,135.501875,0
626,20,18,34.7009375,135.505625,0
627,20,19,34.7009375,135.509375,0
628,20,20,34.7009375,135.513125,1
629,20,21,34.7009375,135.516875,0
630,20,22,34.7009375,135.520625,0
631,20,23,34.7009375,135.524375,1
632,20,24,34.7009375,135.528125,0
633,20,25,34.7009375,135.531875,0
634,20,26,34.7009375,135.535625,0
635,20,27,34.7009375,135.539375,0
636,20,28,34.7009375,135.543125,0
637,20,29,34.7009375,135.546875,0
638,20,30,34.7009375,135.550625,0
639,20,31,34.7009375,135.554375,0
640,20,32,34.7009375,135.558125,0
641,21,1,34.7040625,135.441875,0
642,21,2,34.7040625,135.445625,0
643,21,3,34.7040625,135.449375,0
644,21,4,34.7040625,135.453125,0
645,21,5,34.7040625,135.456875,0
646,21,6,34.7040625,135.460625,0
647,21,7,34.7040625,135.464375,0
648,21,8,34.7040625,135.468125,0
649,21,9,34.7040625,135.471875,0
650,21,10,34.7040625,135.475625,0
651,21,11,34.7040625,135.479375,0
652,21,12,34.7040625,135.483125,0
653,21,13,34.7040625,135.486875,0
654,21,14,34.7040625,135.490625,0
655,21,15,34.7040625,135.494375,0
656,21,16,34.7040625,135.498125,0
657,21,17,34.7040625,135.501875,0
658,21,18,34.7040625,135.505625,0
659,21,19,34.7040625,135.509375,0
660,21,20,34.7040625,135.513125,0
661,21,21,34.7040625,135.516875,0
662,21,22,34.7040625,135.520625,0
663,21,23,34.7040625,135.524375,0
664,21,24,34.7040625,135.528125,0
665,21,25,34.7040625,135.531875,0
666,21,26,34.7040625,135.535625,0
667,21,27,34.7040625,135.539375,0
668,21,28,34.7040625,135.543125,0
669,21,29,34.7040625,135.546875,0
670,21,30,34.7040625,135.550625,0
671,21,31,34.7040625,135.554375,0
672,21,32,34.7040625,135.558125,0
673,22,1,34.7071875,135.441875,0
674,22,2,34.7071875,135.445625,0
675,22,3,34.7071875,135.449375,0
676,22,4,34.7071875,135.453125,0
677,22,5,34.7071875,135.456875,0
678,22,6,34.7071875,135.460625,0
679,22,7,34.7071875,135.464375,0
680,22,8,34.7071875,135.468125,0
681,22,9,34.7071875,135.471875,0
682,22,10,34.7071875,135.475625,0
683,22,11,34.7071875,135.479375,0
684,22,12,34.7071875,135.483125,0
685,22,13,34.7071875,135.486875,0
686,22,14,34.7071875,135.490625,0
687,22,15,34.7071875,135.494375,0
688,22,16,34.7071875,135.498125,0
689,22,17,34.7071875,135.501875,0
690,22,18,34.7071875,135.505625,0
691,22,19,34.7071875,135.509375,0
692,22,20,34.7071875,135.513125,0
693,22,21,34.7071875,135.516875,0
694,22,22,34.7071875,135.520625,0
695,22,23,34.7071875,135.524375,0
696,22,24,34.7071875,135.528125,0
697,22,25,34.7071875,135.531875,0
698,22,26,34.7071875,135.535625,0
699,22,27,34.7071875,135.539375,0
700,22,28,34.7071875,135.543125,0
701,22,29,34.7071875,135.546875,0
702,22,30,34.7071875,135.550625,0
703,22,31,34.7071875,135.554375,0
704,22,32,34.7071875,135.558125,0
705,23,1,34.7103125,135.441875,0
706,23,2,34.7103125,135.445625,0
707,23,3,34.7103125,135.449375,0
708,23,4,34.7103125,135.453125,1
709,23,5,34.7103125,135.456875,0
710,23,6,34.7103125,135.460625,0
711,23,7,34.7103125,135.464375,0
712,23,8,34.7103125,135.468125,0
713,23,9,34.7103125,135.471875,0
714,23,10,34.7103125,135.475625,0
715,23,11,34.7103125,135.479375,0
716,23,12,34.7103125,135.483125,0
717,23,13,34.7103125,135.486875,0
718,23,14,34.7103125,135.490625,0
719,23,15,34.7103125,135.494375,0
720,23,16,34.7103125,135.498125,0
721,23,17,34.7103125,135.501875,0
722,23,18,34.7103125,135.505625,0
723,23,19,34.7103125,135.509375,0
724,23,20,34.7103125,135.513125,0
725,23,21,34.7103125,135.516875,0
726,23,22,34.7103125,135.520625,0
727,23,23,34.7103125,135.524375,0
728,23,24,34.7103125,135.528125,0
729,23,25,34.7103125,135.531875,0
730,23,26,34.7103125,135.535625,0
731,23,27,34.7103125,135.539375,0
732,23,28,34.7103125,135.543125,0
733,23,29,34.7103125,135.546875,0
734,23,30,34.7103125,135.550625,0
735,23,31,34.7103125,135.554375,0
736,23,32,34.7103125,135.558125,0
737,24,1,34.7134375,135.441875,0
738,24,2,34.7134375,135.445625,0
739,24,3,34.7134375,135.449375,0
740,24,4,34.7134375,135.453125,0
741,24,5,34.7134375,135.456875,0
742,24,6,34.7134375,135.460625,0
743,24,7,34.7134375,135.464375,0
744,24,8,34.7134375,135.468125,0
745,24,9,34.7134375,135.471875,0
746,24,10,34.7134375,135.475625,0
747,24,11,34.7134375,135.479375,0
748,24,12,34.7134375,135.483125,0
749,24,13,34.7134375,135.486875,0
750,24,14,34.7134375,135.490625,0
751,24,15,34.7134375,135.494375,0
752,24,16,34.7134375,135.498125,0
753,24,17,34.7134375,135.501875,0
754,24,18,34.7134375,135.505625,0
755,24,19,34.7134375,135.509375,0
756,24,20,34.7134375,135.513125,0
757,24,21,34.7134375,135.516875,0
758,24,22,34.7134375,135.520625,0
759,24,23,34.7134375,135.524375,0
760,24,24,34.7134375,135.528125,0
761,24,25,34.7134375,135.531875,0
762,24,26,34.7134375,135.535625,0
763,24,27,34.7134375,135.539375,0
764,24,28,34.7134375,135.543125,0
765,24,29,34.7134375,135.546875,0
766,24,30,34.7134375,135.550625,0
767,24,31,34.7134375,135.554375,0
768,24,32,34.7134375,135.558125,0
769,25,1,34.7165625,135.441875,0
770,25,2,34.7165625,135.445625,0
771,25,3,34.7165625,135.449375,1
772,25,4,34.7165625,135.453125,0
773,25,5,34.7165625,135.456875,0
774,25,6,34.7165625,135.460625,0
775,25,7,34.7165625,135.464375,0
776,25,8,34.7165625,135.468125,0
777,25,9,34.7165625,135.471875,0
778,25,10,34.7165625,135.475625,0
779,25,11,34.7165625,135.479375,0
780,25,12,34.7165625,135.483125,0
781,25,13,34.7165625,135.486875,0
782,25,14,34.7165625,135.490625,1
783,25,15,34.7165625,135.494375,0
784,25,16,34.7165625,135.498125,0
785,25,17,34.7165625,135.501875,0
786,25,18,34.7165625,135.505625,0
787,25,19,34.7165625,135.509375,0
788,25,20,34.7165625,135.513125,0
789,25,21,34.7165625,135.516875,0
790,25,22,34.7165625,135.520625,0
791,25,23,34.7165625,135.524375,0
792,25,24,34.7165625,135.528125,0
793,25,25,34.7165625,135.531875,0
794,25,26,34.7165625,135.535625,0
795,25,27,34.7165625,135.539375,0
796,25,28,34.7165625,135.543125,0
797,25,29,34.7165625,135.546875,0
798,25,30,34.7165625,135.550625,0
799,25,31,34.7165625,135.554375,0
800,25,32,34.7165625,135.558125,0
801,26,1,34.7196875,135.441875,0
802,26,2,34.7196875,135.445625,0
803,26,3,34.7196875,135.449375,0
804,26,4,34.7196875,135.453125,0
805,26,5,34.7196875,135.456875,0
806,26,6,34.7196875,135.460625,0
807,26,7,34.7196875,135.464375,0
808,26,8,34.7196875,135.468125,0
809,26,9,34.7196875,135.471875,0
810,26,10,34.7196875,135.475625,0
811,26,11,34.7196875,135.479375,0
812,26,12,34.7196875,135.483125,0
813,26,13,34.7196875,135.486875,0
814,26,14,34.7196875,135.490625,0
815,26,15,34.7196875,135.494375,0
816,26,16,34.7196875,135.498125,0
817,26,17,34.7196875,135.501875,0
818,26,18,34.7196875,135.505625,0
819,26,19,34.7196875,135.509375,0
820,26,20,34.7196875,135.513125,0
821,26,21,34.7196875,135.516875,1
822,26,22,34.7196875,135.520625,0
823,26,23,34.7196875,135.524375,0
824,26,24,34.7196875,135.528125,0
825,26,25,34.7196875,135.531875,0
826,26,26,34.7196875,135.535625,0
827,26,27,34.7196875,135.539375,0
828,26,28,34.7196875,135.543125,0
829,26,29,34.7196875,135.546875,0
830,26,30,34.7196875,135.550625,0
831,26,31,34.7196875,135.554375,0
832,26,32,34.7196875,135.558125,0
833,27,1,34.7228125,135.441875,0
834,27,2,34.7228125,135.445625,0
835,27,3,34.7228125,135.449375,0
836,27,4,34.7228125,135.453125,0
837,27,5,34.7228125,135.456875,0
838,27,6,34.7228125,135.460625,0
839,27,7,34.7228125,135.464375,0
840,27,8,34.7228125,135.468125,0
841,27,9,34.7228125,135.471875,0
842,27,10,34.7228125,135.475625,0
843,27,11,34.7228125,135.479375,0
844,27,12,34.7228125,135.483125,0
845,27,13,34.7228125,135.486875,0
846,27,14,34.7228125,135.490625,0
847,27,15,34.7228125,135.494375,0
848,27,16,34.7228125,135.498125,0
849,27,17,34.7228125,135.501875,0
850,27,18,34.7228125,135.505625,0
851,27,19,34.7228125,135.509375,0
852,27,20,34.7228125,135.513125,0
853,27,21,34.7228125,135.516875,0
854,27,22,34.7228125,135.520625,0
855,27,23,34.7228125,135.524375,0
856,27,24,34.7228125,135.528125,0
857,27,25,34.7228125,135.531875,0
858,27,26,34.7228125,135.535625,0
859,27,27,34.7228125,135.539375,0
860,27,28,34.7228125,135.543125,0
861,27,29,34.7228125,135.546875,0
862,27,30,34.7228125,135.550625,0
863,27,31,34.7228125,135.554375,0
864,27,32,34.7228125,135.558125,0
865,28,1,34.7259375,135.441875,0
866,28,2,34.7259375,135.445625,0
867,28,3,34.7259375,135.449375,0
868,28,4,34.7259375,135.453125,0
869,28,5,34.7259375,135.456875,0
870,28,6,34.7259375,135.460625,0
871,28,7,34.7259375,135.464375,1
872,28,8,34.7259375,135.468125,0
873,28,9,34.7259375,135.471875,0
874,28,10,34.7259375,135.475625,0
875,28,11,34.7259375,135.479375,0
876,28,12,34.7259375,135.483125,0
877,28,13,34.7259375,135.486875,0
878,28,14,34.7259375,135.490625,0
879,28,15,34.7259375,135.494375,0
880,28,16,34.7259375,135.498125,0
881,28,17,34.7259375,135.501875,0
882,28,18,34.7259375,135.505625,0
883,28,19,34.7259375,135.509375,1
884,28,20,34.7259375,135.513125,0
885,28,21,34.7259375,135.516875,0
886,28,22,34.7259375,135.520625,0
887,28,23,34.7259375,135.524375,0
888,28,24,34.7259375,135.528125,0
889,28,25,34.7259375,135.531875,0
890,28,26,34.7259375,135.535625,0
891,28,27,34.7259375,135.539375,0
892,28,28,34.7259375,135.543125,0
893,28,29,34.7259375,135.546875,0
894,28,30,34.7259375,135.550625,0
895,28,31,34.7259375,135.554375,0
896,28,32,34.7259375,135.558125,0
897,29,1,34.7290625,135.441875,0
898,29,2,34.7290625,135.445625,0
899,29,3,34.7290625,135.449375,0
900,29,4,34.7290625,135.453125,0
901,29,5,34.7290625,135.456875,0
902,29,6,34.7290625,135.460625,0
903,29,7,34.7290625,135.464375,0
904,29,8,34.7290625,135.468125,0
905,29,9,34.7290625,135.471875,0
906,29,10,34.7290625,135.475625,0
907,29,11,34.7290625,135.479375,0
908,29,12,34.7290625,135.483125,0
909,29,13,34.7290625,135.486875,0
910,29,14,34.7290625,135.490625,0
911,29,15,34.7290625,135.494375,0
912,29,16,34.7290625,135.498125,0
913,29,17,34.7290625,135.501875,0
914,29,18,34.7290625,135.505625,0
915,29,19,34.7290625,135.509375,0
916,29,20,34.7290625,135.513125,0
917,29,21,34.7290625,135.516875,0
918,29,22,34.7290625,135.520625,0
919,29,23,34.7290625,135.524375,0
920,29,24,34.7290625,135.528125,0
921,29,25,34.7290625,135.531875,0
922,29,26,34.7290625,135.535625,0
923,29,27,34.7290625,135.539375,0
924,29,28,34.7290625,135.543125,0
925,29,29,34.7290625,135.546875,0
926,29,30,34.7290625,135.550625,0
927,29,31,34.7290625,135.554375,0
928,29,32,34.7290625,135.558125,0
929,30,1,34.7321875,135.441875,0
930,30,2,34.7321875,135.445625,0
931,30,3,34.7321875,135.449375,0
932,30,4,34.7321875,135.453125,0
933,30,5,34.7321875,135.456875,0
934,30,6,34.7321875,135.460625,0
935,30,7,34.7321875,135.464375,0
936,30,8,34.7321875,135.468125,0
937,30,9,34.7321875,135.471875,0
938,30,10,34.7321875,135.475625,0
939,30,11,34.7321875,135.479375,0
940,30,12,34.7321875,135.483125,0
941,30,13,34.7321875,135.486875,0
942,30,14,34.7321875,135.490625,0
943,30,15,34.7321875,135.494375,0
944,30,16,34.7321875,135.498125,0
945,30,17,34.7321875,135.501875,0
946,30,18,34.7321875,135.505625,0
947,30,19,34.7321875,135.509375,0
948,30,20,34.7321875,135.513125,0
949,30,21,34.7321875,135.516875,0
950,30,22,34.7321875,135.520625,0
951,30,23,34.7321875,135.524375,0
952,30,24,34.7321875,135.528125,0
953,30,25,34.7321875,135.531875,0
954,30,26,34.7321875,135.535625,0
955,30,27,34.7321875,135.539375,0
956,30,28,34.7321875,135.543125,0
957,30,29,34.7321875,135.546875,0
958,30,30,34.7321875,135.550625,0
959,30,31,34.7321875,135.554375,0
960,30,32,34.7321875,135.558125,0
961,31,1,34.7353125,135.441875,0
962,31,2,34.7353125,135.445625,0
963,31,3,34.7353125,135.449375,0
964,31,4,34.7353125,135.453125,0
965,31,5,34.7353125,135.456875,0
966,31,6,34.7353125,135.460625,0
967,31,7,34.7353125,135.464375,0
968,31,8,34.7353125,135.468125,0
969,31,9,34.7353125,135.471875,0
970,31,10,34.7353125,135.475625,0
971,31,11,34.7353125,135.479375,0
972,31,12,34.7353125,135.483125,0
973,31,13,34.7353125,135.486875,0
974,31,14,34.7353125,135.490625,0
975,31,15,34.7353125,135.494375,0
976,31,16,34.7353125,135.498125,0
977,31,17,34.7353125,135.501875,0
978,31,18,34.7353125,135.505625,0
979,31,19,34.7353125,135.509375,0
980,31,20,34.7353125,135.513125,0
981,31,21,34.7353125,135.516875,0
982,31,22,34.7353125,135.520625,0
983,31,23,34.7353125,135.524375,0
984,31,24,34.7353125,135.528125,0
985,31,25,34.7353125,135.531875,0
986,31,26,34.7353125,135.535625,0
987,31,27,34.7353125,135.539375,0
988,31,28,34.7353125,135.543125,0
989,31,29,34.7353125,135.546875,0
990,31,30,34.7353125,135.550625,0
991,31,31,34.7353125,135.554375,0
992,31,32,34.7353125,135.558125,0
993,32,1,34.7384375,135.441875,0
994,32,2,34.7384375,135.445625,0
995,32,3,34.7384375,135.449375,1
996,32,4,34.7384375,135.453125,0
997,32,5,34.7384375,135.456875,0
998,32,6,34.7384375,135.460625,0
999,32,7,34.7384375,135.464375,0
1000,32,8,34.7384375,135.468125,0
1001,32,9,34.7384375,135.471875,0
1002,32,10,34.7384375,135.475625,0
1003,32,11,34.7384375,135.479375,0
1004,32,12,34.7384375,135.483125,0
1005,32,13,34.7384375,135.486875,0
1006,32,14,34.7384375,135.490625,0
1007,32,15,34.7384375,135.494375,0
1008,32,16,34.7384375,135.498125,0
1009,32,17,34.7384375,135.501875,0
1010,32,18,34.7384375,135.505625,0
1011,32,19,34.7384375,135.509375,0
1012,32,20,34.7384375,135.513125,0
1013,32,21,34.7384375,135.516875,0
1014,32,22,34.7384375,135.520625,0
1015,32,23,34.7384375,135.524375,0
1016,32,24,34.7384375,135.528125,0
1017,32,25,34.7384375,135.531875,0
1018,32,26,34.7384375,135.535625,0
1019,32,27,34.7384375,135.539375,0
1020,32,28,34.7384375,135.543125,0
1021,32,29,34.7384375,135.546875,0
1022,32,30,34.7384375,135.550625,0
1023,32,31,34.7384375,135.554375,0
1024,32,32,34.7384375,135.558125,0
