reg_id,y_id,x_id,y(center),x(center)
1,1,1,35.6515625,139.68187500000002
2,1,2,35.6515625,139.68562500000002
3,1,3,35.6515625,139.689375
4,1,4,35.6515625,139.693125
5,1,5,35.6515625,139.696875
6,1,6,35.6515625,139.70062500000003
7,1,7,35.6515625,139.70437500000003
8,1,8,35.6515625,139.70812500000002
9,1,9,35.6515625,139.71187500000002
10,1,10,35.6515625,139.71562500000002
11,1,11,35.6515625,139.719375
12,1,12,35.6515625,139.723125
13,1,13,35.6515625,139.72687500000004
14,1,14,35.6515625,139.73062500000003
15,1,15,35.6515625,139.73437500000003
16,1,16,35.6515625,139.73812500000003
17,1,17,35.6515625,139.74187500000002
18,1,18,35.6515625,139.74562500000002
19,1,19,35.6515625,139.74937500000001
20,1,20,35.6515625,139.753125
21,1,21,35.6515625,139.756875
22,1,22,35.6515625,139.76062500000003
23,1,23,35.6515625,139.76437500000003
24,1,24,35.6515625,139.76812500000003
25,1,25,35.6515625,139.77187500000002
26,1,26,35.6515625,139.77562500000002
27,1,27,35.6515625,139.77937500000002
28,1,28,35.6515625,139.783125
29,1,29,35.6515625,139.78687500000004
30,1,30,35.6515625,139.79062500000003
31,1,31,35.6515625,139.79437500000003
32,1,32,35.6515625,139.79812500000003
33,2,1,35.654687499999994,139.68187500000002
34,2,2,35.654687499999994,139.68562500000002
35,2,3,35.654687499999994,139.689375
36,2,4,35.654687499999994,139.693125
37,2,5,35.654687499999994,139.696875
38,2,6,35.654687499999994,139.70062500000003
39,2,7,35.654687499999994,139.70437500000003
40,2,8,35.654687499999994,139.70812500000002
41,2,9,35.654687499999994,139.71187500000002
42,2,10,35.654687499999994,139.71562500000002
43,2,11,35.654687499999994,139.719375
44,2,12,35.654687499999994,139.723125
45,2,13,35.654687499999994,139.72687500000004
46,2,14,35.654687499999994,139.73062500000003
47,2,15,35.654687499999994,139.73437500000003
48,2,16,35.654687499999994,139.73812500000003
49,2,17,35.654687499999994,139.74187500000002
50,2,18,35.654687499999994,139.74562500000002
51,2,19,35.654687499999994,139.74937500000001
52,2,20,35.654687499999994,139.753125
53,2,21,35.654687499999994,139.756875
54,2,22,35.654687499999994,139.76062500000003
55,2,23,35.654687499999994,139.76437500000003
56,2,24,35.654687499999994,139.76812500000003
57,2,25,35.654687499999994,139.77187500000002
58,2,26,35.654687499999994,139.77562500000002
59,2,27,35.654687499999994,139.77937500000002
60,2,28,35.654687499999994,139.783125
61,2,29,35.654687499999994,139.78687500000004
62,2,30,35.654687499999994,139.79062500000003
63,2,31,35.654687499999994,139.79437500000003
64,2,32,35.654687499999994,139.79812500000003
65,3,1,35.6578125,139.68187500000002
66,3,2,35.6578125,139.68562500000002
67,3,3,35.6578125,139.689375
68,3,4,35.6578125,139.693125
69,3,5,35.6578125,139.696875
70,3,6,35.6578125,139.70062500000003
71,3,7,35.6578125,139.70437500000003
72,3,8,35.6578125,139.70812500000002
73,3,9,35.6578125,139.71187500000002
74,3,10,35.6578125,139.71562500000002
75,3,11,35.6578125,139.719375
76,3,12,35.6578125,139.723125
77,3,13,35.6578125,139.72687500000004
78,3,14,35.6578125,139.73062500000003
79,3,15,35.6578125,139.73437500000003
80,3,16,35.6578125,139.73812500000003
81,3,17,35.6578125,139.74187500000002
82,3,18,35.6578125,139.74562500000002
83,3,19,35.6578125,139.74937500000001
84,3,20,35.6578125,139.753125
85,3,21,35.6578125,139.756875
86,3,22,35.6578125,139.76062500000003
87,3,23,35.6578125,139.76437500000003
88,3,24,35.6578125,139.76812500000003
89,3,25,35.6578125,139.77187500000002
90,3,26,35.6578125,139.77562500000002
91,3,27,35.6578125,139.77937500000002
92,3,28,35.6578125,139.783125
93,3,29,35.6578125,139.78687500000004
94,3,30,35.6578125,139.79062500000003
95,3,31,35.6578125,139.79437500000003
96,3,32,35.6578125,139.79812500000003
97,4,1,35.660937499999996,139.68187500000002
98,4,2,35.660937499999996,139.68562500000002
99,4,3,35.660937499999996,139.689375
100,4,4,35.660937499999996,139.693125
101,4,5,35.660937499999996,139.696875
102,4,6,35.660937499999996,139.70062500000003
103,4,7,35.660937499999996,139.70437500000003
104,4,8,35.660937499999996,139.70812500000002
105,4,9,35.660937499999996,139.71187500000002
106,4,10,35.660937499999996,139.71562500000002
107,4,11,35.660937499999996,139.719375
108,4,12,35.660937499999996,139.723125
109,4,13,35.660937499999996,139.72687500000004
110,4,14,35.660937499999996,139.73062500000003
111,4,15,35.660937499999996,139.73437500000003
112,4,16,35.660937499999996,139.73812500000003
113,4,17,35.660937499999996,139.74187500000002
114,4,18,35.660937499999996,139.74562500000002
115,4,19,35.660937499999996,139.74937500000001
116,4,20,35.660937499999996,139.753125
117,4,21,35.660937499999996,139.756875
118,4,22,35.660937499999996,139.76062500000003
119,4,23,35.660937499999996,139.76437500000003
120,4,24,35.660937499999996,139.76812500000003
121,4,25,35.660937499999996,139.77187500000002
122,4,26,35.660937499999996,139.77562500000002
123,4,27,35.660937499999996,139.77937500000002
124,4,28,35.660937499999996,139.783125
125,4,29,35.660937499999996,139.78687500000004
126,4,30,35.660937499999996,139.79062500000003
127,4,31,35.660937499999996,139.79437500000003
128,4,32,35.660937499999996,139.79812500000003
129,5,1,35.6640625,139.68187500000002
130,5,2,35.6640625,139.68562500000002
131,5,3,35.6640625,139.689375
132,5,4,35.6640625,139.693125
133,5,5,35.6640625,139.696875
134,5,6,35.6640625,139.70062500000003
135,5,7,35.6640625,139.70437500000003
136,5,8,35.6640625,139.70812500000002
137,5,9,35.6640625,139.71187500000002
138,5,10,35.6640625,139.71562500000002
139,5,11,35.6640625,139.719375
140,5,12,35.6640625,139.723125
141,5,13,35.6640625,139.72687500000004
142,5,14,35.6640625,139.73062500000003
143,5,15,35.6640625,139.73437500000003
144,5,16,35.6640625,139.73812500000003
145,5,17,35.6640625,139.74187500000002
146,5,18,35.6640625,139.74562500000002
147,5,19,35.6640625,139.74937500000001
148,5,20,35.6640625,139.753125
149,5,21,35.6640625,139.756875
150,5,22,35.6640625,139.76062500000003
151,5,23,35.6640625,139.76437500000003
152,5,24,35.6640625,139.76812500000003
153,5,25,35.6640625,139.77187500000002
154,5,26,35.6640625,139.77562500000002
155,5,27,35.6640625,139.77937500000002
156,5,28,35.6640625,139.783125
157,5,29,35.6640625,139.78687500000004
158,5,30,35.6640625,139.79062500000003
159,5,31,35.6640625,139.79437500000003
160,5,32,35.6640625,139.79812500000003
161,6,1,35.6671875,139.68187500000002
162,6,2,35.6671875,139.68562500000002
163,6,3,35.6671875,139.689375
164,6,4,35.6671875,139.693125
165,6,5,35.6671875,139.696875
166,6,6,35.6671875,139.70062500000003
167,6,7,35.6671875,139.70437500000003
168,6,8,35.6671875,139.70812500000002
169,6,9,35.6671875,139.71187500000002
170,6,10,35.6671875,139.71562500000002
171,6,11,35.6671875,139.719375
172,6,12,35.6671875,139.723125
173,6,13,35.6671875,139.72687500000004
174,6,14,35.6671875,139.73062500000003
175,6,15,35.6671875,139.73437500000003
176,6,16,35.6671875,139.73812500000003
177,6,17,35.6671875,139.74187500000002
178,6,18,35.6671875,139.74562500000002
179,6,19,35.6671875,139.74937500000001
180,6,20,35.6671875,139.753125
181,6,21,35.6671875,139.756875
182,6,22,35.6671875,139.76062500000003
183,6,23,35.6671875,139.76437500000003
184,6,24,35.6671875,139.76812500000003
185,6,25,35.6671875,139.77187500000002
186,6,26,35.6671875,139.77562500000002
187,6,27,35.6671875,139.77937500000002
188,6,28,35.6671875,139.783125
189,6,29,35.6671875,139.78687500000004
190,6,30,35.6671875,139.79062500000003
191,6,31,35.6671875,139.79437500000003
192,6,32,35.6671875,139.79812500000003
193,7,1,35.670312499999994,139.68187500000002
194,7,2,35.670312499999994,139.68562500000002
195,7,3,35.670312499999994,139.689375
196,7,4,35.670312499999994,139.693125
197,7,5,35.670312499999994,139.696875
198,7,6,35.670312499999994,139.70062500000003
199,7,7,35.670312499999994,139.70437500000003
200,7,8,35.670312499999994,139.70812500000002
201,7,9,35.670312499999994,139.71187500000002
202,7,10,35.670312499999994,139.71562500000002
203,7,11,35.670312499999994,139.719375
204,7,12,35.670312499999994,139.723125
205,7,13,35.670312499999994,139.72687500000004
206,7,14,35.670312499999994,139.73062500000003
207,7,15,35.670312499999994,139.73437500000003
208,7,16,35.670312499999994,139.73812500000003
209,7,17,35.670312499999994,139.74187500000002
210,7,18,35.670312499999994,139.74562500000002
211,7,19,35.670312499999994,139.74937500000001
212,7,20,35.670312499999994,139.753125
213,7,21,35.670312499999994,139.756875
214,7,22,35.670312499999994,139.76062500000003
215,7,23,35.670312499999994,139.76437500000003
216,7,24,35.670312499999994,139.76812500000003
217,7,25,35.670312499999994,139.77187500000002
218,7,26,35.670312499999994,139.77562500000002
219,7,27,35.670312499999994,139.77937500000002
220,7,28,35.670312499999994,139.783125
221,7,29,35.670312499999994,139.78687500000004
222,7,30,35.670312499999994,139.79062500000003
223,7,31,35.670312499999994,139.79437500000003
224,7,32,35.670312499999994,139.79812500000003
225,8,1,35.6734375,139.68187500000002
226,8,2,35.6734375,139.68562500000002
227,8,3,35.6734375,139.689375
228,8,4,35.6734375,139.693125
229,8,5,35.6734375,139.696875
230,8,6,35.6734375,139.70062500000003
231,8,7,35.6734375,139.70437500000003
232,8,8,35.6734375,139.70812500000002
233,8,9,35.6734375,139.71187500000002
234,8,10,35.6734375,139.71562500000002
235,8,11,35.6734375,139.719375
236,8,12,35.6734375,139.723125
237,8,13,35.6734375,139.72687500000004
238,8,14,35.6734375,139.73062500000003
239,8,15,35.6734375,139.73437500000003
240,8,16,35.6734375,139.73812500000003
241,8,17,35.6734375,139.74187500000002
242,8,18,35.6734375,139.74562500000002
243,8,19,35.6734375,139.74937500000001
244,8,20,35.6734375,139.753125
245,8,21,35.6734375,139.756875
246,8,22,35.6734375,139.76062500000003
247,8,23,35.6734375,139.76437500000003
248,8,24,35.6734375,139.76812500000003
249,8,25,35.6734375,139.77187500000002
250,8,26,35.6734375,139.77562500000002
251,8,27,35.6734375,139.77937500000002
252,8,28,35.6734375,139.783125
253,8,29,35.6734375,139.78687500000004
254,8,30,35.6734375,139.79062500000003
255,8,31,35.6734375,139.79437500000003
256,8,32,35.6734375,139.79812500000003
257,9,1,35.676562499999996,139.68187500000002
258,9,2,35.676562499999996,139.68562500000002
259,9,3,35.676562499999996,139.689375
260,9,4,35.676562499999996,139.693125
261,9,5,35.676562499999996,139.696875
262,9,6,35.676562499999996,139.70062500000003
263,9,7,35.676562499999996,139.70437500000003
264,9,8,35.676562499999996,139.70812500000002
265,9,9,35.676562499999996,139.71187500000002
266,9,10,35.676562499999996,139.71562500000002
267,9,11,35.676562499999996,139.719375
268,9,12,35.676562499999996,139.723125
269,9,13,35.676562499999996,139.72687500000004
270,9,14,35.676562499999996,139.73062500000003
271,9,15,35.676562499999996,139.73437500000003
272,9,16,35.676562499999996,139.73812500000003
273,9,17,35.676562499999996,139.74187500000002
274,9,18,35.676562499999996,139.74562500000002
275,9,19,35.676562499999996,139.74937500000001
276,9,20,35.676562499999996,139.753125
277,9,21,35.676562499999996,139.756875
278,9,22,35.676562499999996,139.76062500000003
279,9,23,35.676562499999996,139.76437500000003
280,9,24,35.676562499999996,139.76812500000003
281,9,25,35.676562499999996,139.77187500000002
282,9,26,35.676562499999996,139.77562500000002
283,9,27,35.676562499999996,139.77937500000002
284,9,28,35.676562499999996,139.783125
285,9,29,35.676562499999996,139.78687500000004
286,9,30,35.676562499999996,139.79062500000003
287,9,31,35.676562499999996,139.79437500000003
288,9,32,35.676562499999996,139.79812500000003
289,10,1,35.6796875,139.68187500000002
290,10,2,35.6796875,139.68562500000002
291,10,3,35.6796875,139.689375
292,10,4,35.6796875,139.693125
293,10,5,35.6796875,139.696875
294,10,6,35.6796875,139.70062500000003
295,10,7,35.6796875,139.70437500000003
296,10,8,35.6796875,139.70812500000002
297,10,9,35.6796875,139.71187500000002
298,10,10,35.6796875,139.71562500000002
299,10,11,35.6796875,139.719375
300,10,12,35.6796875,139.723125
301,10,13,35.6796875,139.72687500000004
302,10,14,35.6796875,139.73062500000003
303,10,15,35.6796875,139.73437500000003
304,10,16,35.6796875,139.73812500000003
305,10,17,35.6796875,139.74187500000002
306,10,18,35.6796875,139.74562500000002
307,10,19,35.6796875,139.74937500000001
308,10,20,35.6796875,139.753125
309,10,21,35.6796875,139.756875
310,10,22,35.6796875,139.76062500000003
311,10,23,35.6796875,139.76437500000003
312,10,24,35.6796875,139.76812500000003
313,10,25,35.6796875,139.77187500000002
314,10,26,35.6796875,139.77562500000002
315,10,27,35.6796875,139.77937500000002
316,10,28,35.6796875,139.783125
317,10,29,35.6796875,139.78687500000004
318,10,30,35.6796875,139.79062500000003
319,10,31,35.6796875,139.79437500000003
320,10,32,35.6796875,139.79812500000003
321,11,1,35.6828125,139.68187500000002
322,11,2,35.6828125,139.68562500000002
323,11,3,35.6828125,139.689375
324,11,4,35.6828125,139.693125
325,11,5,35.6828125,139.696875
326,11,6,35.6828125,139.70062500000003
327,11,7,35.6828125,139.70437500000003
328,11,8,35.6828125,139.70812500000002
329,11,9,35.6828125,139.71187500000002
330,11,10,35.6828125,139.71562500000002
331,11,11,35.6828125,139.719375
332,11,12,35.6828125,139.723125
333,11,13,35.6828125,139.72687500000004
334,11,14,35.6828125,139.73062500000003
335,11,15,35.6828125,139.73437500000003
336,11,16,35.6828125,139.73812500000003
337,11,17,35.6828125,139.74187500000002
338,11,18,35.6828125,139.74562500000002
339,11,19,35.6828125,139.74937500000001
340,11,20,35.6828125,139.753125
341,11,21,35.6828125,139.756875
342,11,22,35.6828125,139.76062500000003
343,11,23,35.6828125,139.76437500000003
344,11,24,35.6828125,139.76812500000003
345,11,25,35.6828125,139.77187500000002
346,11,26,35.6828125,139.77562500000002
347,11,27,35.6828125,139.77937500000002
348,11,28,35.6828125,139.783125
349,11,29,35.6828125,139.78687500000004
350,11,30,35.6828125,139.79062500000003
351,11,31,35.6828125,139.79437500000003
352,11,32,35.6828125,139.79812500000003
353,12,1,35.685937499999994,139.68187500000002
354,12,2,35.685937499999994,139.68562500000002
355,12,3,35.685937499999994,139.689375
356,12,4,35.685937499999994,139.693125
357,12,5,35.685937499999994,139.696875
358,12,6,35.685937499999994,139.70062500000003
359,12,7,35.685937499999994,139.70437500000003
360,12,8,35.685937499999994,139.70812500000002
361,12,9,35.685937499999994,139.71187500000002
362,12,10,35.685937499999994,139.71562500000002
363,12,11,35.685937499999994,139.719375
364,12,12,35.685937499999994,139.723125
365,12,13,35.685937499999994,139.72687500000004
366,12,14,35.685937499999994,139.73062500000003
367,12,15,35.685937499999994,139.73437500000003
368,12,16,35.685937499999994,139.73812500000003
369,12,17,35.685937499999994,139.74187500000002
370,12,18,35.685937499999994,139.74562500000002
371,12,19,35.685937499999994,139.74937500000001
372,12,20,35.685937499999994,139.753125
373,12,21,35.685937499999994,139.756875
374,12,22,35.685937499999994,139.76062500000003
375,12,23,35.685937499999994,139.76437500000003
376,12,24,35.685937499999994,139.76812500000003
377,12,25,35.685937499999994,139.77187500000002
378,12,26,35.685937499999994,139.77562500000002
379,12,27,35.685937499999994,139.77937500000002
380,12,28,35.685937499999994,139.783125
381,12,29,35.685937499999994,139.78687500000004
382,12,30,35.685937499999994,139.79062500000003
383,12,31,35.685937499999994,139.79437500000003
384,12,32,35.685937499999994,139.79812500000003
385,13,1,35.6890625,139.68187500000002
386,13,2,35.6890625,139.68562500000002
387,13,3,35.6890625,139.689375
388,13,4,35.6890625,139.693125
389,13,5,35.6890625,139.696875
390,13,6,35.6890625,139.70062500000003
391,13,7,35.6890625,139.70437500000003
392,13,8,35.6890625,139.70812500000002
393,13,9,35.6890625,139.71187500000002
394,13,10,35.6890625,139.71562500000002
395,13,11,35.6890625,139.719375
396,13,12,35.6890625,139.723125
397,13,13,35.6890625,139.72687500000004
398,13,14,35.6890625,139.73062500000003
399,13,15,35.6890625,139.73437500000003
400,13,16,35.6890625,139.73812500000003
401,13,17,35.6890625,139.74187500000002
402,13,18,35.6890625,139.74562500000002
403,13,19,35.6890625,139.74937500000001
404,13,20,35.6890625,139.753125
405,13,21,35.6890625,139.756875
406,13,22,35.6890625,139.76062500000003
407,13,23,35.6890625,139.76437500000003
408,13,24,35.6890625,139.76812500000003
409,13,25,35.6890625,139.77187500000002
410,13,26,35.6890625,139.77562500000002
411,13,27,35.6890625,139.77937500000002
412,13,28,35.6890625,139.783125
413,13,29,35.6890625,139.78687500000004
414,13,30,35.6890625,139.79062500000003
415,13,31,35.6890625,139.79437500000003
416,13,32,35.6890625,139.79812500000003
417,14,1,35.692187499999996,139.68187500000002
418,14,2,35.692187499999996,139.68562500000002
419,14,3,35.692187499999996,139.689375
420,14,4,35.692187499999996,139.693125
421,14,5,35.692187499999996,139.696875
422,14,6,35.692187499999996,139.70062500000003
423,14,7,35.692187499999996,139.70437500000003
424,14,8,35.692187499999996,139.70812500000002
425,14,9,35.692187499999996,139.71187500000002
426,14,10,35.692187499999996,139.71562500000002
427,14,11,35.692187499999996,139.719375
428,14,12,35.692187499999996,139.723125
429,14,13,35.692187499999996,139.72687500000004
430,14,14,35.692187499999996,139.73062500000003
431,14,15,35.692187499999996,139.73437500000003
432,14,16,35.692187499999996,139.73812500000003
433,14,17,35.692187499999996,139.74187500000002
434,14,18,35.692187499999996,139.74562500000002
435,14,19,35.692187499999996,139.74937500000001
436,14,20,35.692187499999996,139.753125
437,14,21,35.692187499999996,139.756875
438,14,22,35.692187499999996,139.76062500000003
439,14,23,35.692187499999996,139.76437500000003
440,14,24,35.692187499999996,139.76812500000003
441,14,25,35.692187499999996,139.77187500000002
442,14,26,35.692187499999996,139.77562500000002
443,14,27,35.692187499999996,139.77937500000002
444,14,28,35.692187499999996,139.783125
445,14,29,35.692187499999996,139.78687500000004
446,14,30,35.692187499999996,139.79062500000003
447,14,31,35.692187499999996,139.79437500000003
448,14,32,35.692187499999996,139.79812500000003
449,15,1,35.6953125,139.68187500000002
450,15,2,35.6953125,139.68562500000002
451,15,3,35.6953125,139.689375
452,15,4,35.6953125,139.693125
453,15,5,35.6953125,139.696875
454,15,6,35.6953125,139.70062500000003
455,15,7,35.6953125,139.70437500000003
456,15,8,35.6953125,139.70812500000002
457,15,9,35.6953125,139.71187500000002
458,15,10,35.6953125,139.71562500000002
459,15,11,35.6953125,139.719375
460,15,12,35.6953125,139.723125
461,15,13,35.6953125,139.72687500000004
462,15,14,35.6953125,139.73062500000003
463,15,15,35.6953125,139.73437500000003
464,15,16,35.6953125,139.73812500000003
465,15,17,35.6953125,139.74187500000002
466,15,18,35.6953125,139.74562500000002
467,15,19,35.6953125,139.74937500000001
468,15,20,35.6953125,139.753125
469,15,21,35.6953125,139.756875
470,15,22,35.6953125,139.76062500000003
471,15,23,35.6953125,139.76437500000003
472,15,24,35.6953125,139.76812500000003
473,15,25,35.6953125,139.77187500000002
474,15,26,35.6953125,139.77562500000002
475,15,27,35.6953125,139.77937500000002
476,15,28,35.6953125,139.783125
477,15,29,35.6953125,139.78687500000004
478,15,30,35.6953125,139.79062500000003
479,15,31,35.6953125,139.79437500000003
480,15,32,35.6953125,139.79812500000003
481,16,1,35.6984375,139.68187500000002
482,16,2,35.6984375,139.68562500000002
483,16,3,35.6984375,139.689375
484,16,4,35.6984375,139.693125
485,16,5,35.6984375,139.696875
486,16,6,35.6984375,139.70062500000003
487,16,7,35.6984375,139.70437500000003
488,16,8,35.6984375,139.70812500000002
489,16,9,35.6984375,139.71187500000002
490,16,10,35.6984375,139.71562500000002
491,16,11,35.6984375,139.719375
492,16,12,35.6984375,139.723125
493,16,13,35.6984375,139.72687500000004
494,16,14,35.6984375,139.73062500000003
495,16,15,35.6984375,139.73437500000003
496,16,16,35.6984375,139.73812500000003
497,16,17,35.6984375,139.74187500000002
498,16,18,35.6984375,139.74562500000002
499,16,19,35.6984375,139.74937500000001
500,16,20,35.6984375,139.753125
501,16,21,35.6984375,139.756875
502,16,22,35.6984375,139.76062500000003
503,16,23,35.6984375,139.76437500000003
504,16,24,35.6984375,139.76812500000003
505,16,25,35.6984375,139.77187500000002
506,16,26,35.6984375,139.77562500000002
507,16,27,35.6984375,139.77937500000002
508,16,28,35.6984375,139.783125
509,16,29,35.6984375,139.78687500000004
510,16,30,35.6984375,139.79062500000003
511,16,31,35.6984375,139.79437500000003
512,16,32,35.6984375,139.79812500000003
513,17,1,35.7015625,139.68187500000002
514,17,2,35.7015625,139.68562500000002
515,17,3,35.7015625,139.689375
516,17,4,35.7015625,139.693125
517,17,5,35.7015625,139.696875
518,17,6,35.7015625,139.70062500000003
519,17,7,35.7015625,139.70437500000003
520,17,8,35.7015625,139.70812500000002
521,17,9,35.7015625,139.71187500000002
522,17,10,35.7015625,139.71562500000002
523,17,11,35.7015625,139.719375
524,17,12,35.7015625,139.723125
525,17,13,35.7015625,139.72687500000004
526,17,14,35.7015625,139.73062500000003
527,17,15,35.7015625,139.73437500000003
528,17,16,35.7015625,139.73812500000003
529,17,17,35.7015625,139.74187500000002
530,17,18,35.7015625,139.74562500000002
531,17,19,35.7015625,139.74937500000001
532,17,20,35.7015625,139.753125
533,17,21,35.7015625,139.756875
534,17,22,35.7015625,139.76062500000003
535,17,23,35.7015625,139.76437500000003
536,17,24,35.7015625,139.76812500000003
537,17,25,35.7015625,139.77187500000002
538,17,26,35.7015625,139.77562500000002
539,17,27,35.7015625,139.77937500000002
540,17,28,35.7015625,139.783125
541,17,29,35.7015625,139.78687500000004
542,17,30,35.7015625,139.79062500000003
543,17,31,35.7015625,139.79437500000003
544,17,32,35.7015625,139.79812500000003
545,18,1,35.7046875,139.68187500000002
546,18,2,35.7046875,139.68562500000002
547,18,3,35.7046875,139.689375
548,18,4,35.7046875,139.693125
549,18,5,35.7046875,139.696875
550,18,6,35.7046875,139.70062500000003
551,18,7,35.7046875,139.70437500000003
552,18,8,35.7046875,139.70812500000002
553,18,9,35.7046875,139.71187500000002
554,18,10,35.7046875,139.71562500000002
555,18,11,35.7046875,139.719375
556,18,12,35.7046875,139.723125
557,18,13,35.7046875,139.72687500000004
558,18,14,35.7046875,139.73062500000003
559,18,15,35.7046875,139.73437500000003
560,18,16,35.7046875,139.73812500000003
561,18,17,35.7046875,139.74187500000002
562,18,18,35.7046875,139.74562500000002
563,18,19,35.7046875,139.74937500000001
564,18,20,35.7046875,139.753125
565,18,21,35.7046875,139.756875
566,18,22,35.7046875,139.76062500000003
567,18,23,35.7046875,139.76437500000003
568,18,24,35.7046875,139.76812500000003
569,18,25,35.7046875,139.77187500000002
570,18,26,35.7046875,139.77562500000002
571,18,27,35.7046875,139.77937500000002
572,18,28,35.7046875,139.783125
573,18,29,35.7046875,139.78687500000004
574,18,30,35.7046875,139.79062500000003
575,18,31,35.7046875,139.79437500000003
576,18,32,35.7046875,139.79812500000003
577,19,1,35.707812499999996,139.68187500000002
578,19,2,35.707812499999996,139.68562500000002
579,19,3,35.707812499999996,139.689375
580,19,4,35.707812499999996,139.693125
581,19,5,35.707812499999996,139.696875
582,19,6,35.707812499999996,139.70062500000003
583,19,7,35.707812499999996,139.70437500000003
584,19,8,35.707812499999996,139.70812500000002
585,19,9,35.707812499999996,139.71187500000002
586,19,10,35.707812499999996,139.71562500000002
587,19,11,35.707812499999996,139.719375
588,19,12,35.707812499999996,139.723125
589,19,13,35.707812499999996,139.72687500000004
590,19,14,35.707812499999996,139.73062500000003
591,19,15,35.707812499999996,139.73437500000003
592,19,16,35.707812499999996,139.73812500000003
593,19,17,35.707812499999996,139.74187500000002
594,19,18,35.707812499999996,139.74562500000002
595,19,19,35.707812499999996,139.74937500000001
596,19,20,35.707812499999996,139.753125
597,19,21,35.707812499999996,139.756875
598,19,22,35.707812499999996,139.76062500000003
599,19,23,35.707812499999996,139.76437500000003
600,19,24,35.707812499999996,139.76812500000003
601,19,25,35.707812499999996,139.77187500000002
602,19,26,35.707812499999996,139.77562500000002
603,19,27,35.707812499999996,139.77937500000002
604,19,28,35.707812499999996,139.783125
605,19,29,35.707812499999996,139.78687500000004
606,19,30,35.707812499999996,139.79062500000003
607,19,31,35.707812499999996,139.79437500000003
608,19,32,35.707812499999996,139.79812500000003
609,20,1,35.7109375,139.68187500000002
610,20,2,35.7109375,139.68562500000002
611,20,3,35.7109375,139.689375
612,20,4,35.7109375,139.693125
613,20,5,35.7109375,139.696875
614,20,6,35.7109375,139.70062500000003
615,20,7,35.7109375,139.70437500000003
616,20,8,35.7109375,139.70812500000002
617,20,9,35.7109375,139.71187500000002
618,20,10,35.7109375,139.71562500000002
619,20,11,35.7109375,139.719375
620,20,12,35.7109375,139.723125
621,20,13,35.7109375,139.72687500000004
622,20,14,35.7109375,139.73062500000003
623,20,15,35.7109375,139.73437500000003
624,20,16,35.7109375,139.73812500000003
625,20,17,35.7109375,139.74187500000002
626,20,18,35.7109375,139.74562500000002
627,20,19,35.7109375,139.74937500000001
628,20,20,35.7109375,139.753125
629,20,21,35.7109375,139.756875
630,20,22,35.7109375,139.76062500000003
631,20,23,35.7109375,139.76437500000003
632,20,24,35.7109375,139.76812500000003
633,20,25,35.7109375,139.77187500000002
634,20,26,35.7109375,139.77562500000002
635,20,27,35.7109375,139.77937500000002
636,20,28,35.7109375,139.783125
637,20,29,35.7109375,139.78687500000004
638,20,30,35.7109375,139.79062500000003
639,20,31,35.7109375,139.79437500000003
640,20,32,35.7109375,139.79812500000003
641,21,1,35.7140625,139.68187500000002
642,21,2,35.7140625,139.68562500000002
643,21,3,35.7140625,139.689375
644,21,4,35.7140625,139.693125
645,21,5,35.7140625,139.696875
646,21,6,35.7140625,139.70062500000003
647,21,7,35.7140625,139.70437500000003
648,21,8,35.7140625,139.70812500000002
649,21,9,35.7140625,139.71187500000002
650,21,10,35.7140625,139.71562500000002
651,21,11,35.7140625,139.719375
652,21,12,35.7140625,139.723125
653,21,13,35.7140625,139.72687500000004
654,21,14,35.7140625,139.73062500000003
655,21,15,35.7140625,139.73437500000003
656,21,16,35.7140625,139.73812500000003
657,21,17,35.7140625,139.74187500000002
658,21,18,35.7140625,139.74562500000002
659,21,19,35.7140625,139.74937500000001
660,21,20,35.7140625,139.753125
661,21,21,35.7140625,139.756875
662,21,22,35.7140625,139.76062500000003
663,21,23,35.7140625,139.76437500000003
664,21,24,35.7140625,139.76812500000003
665,21,25,35.7140625,139.77187500000002
666,21,26,35.7140625,139.77562500000002
667,21,27,35.7140625,139.77937500000002
668,21,28,35.7140625,139.783125
669,21,29,35.7140625,139.78687500000004
670,21,30,35.7140625,139.79062500000003
671,21,31,35.7140625,139.79437500000003
672,21,32,35.7140625,139.79812500000003
673,22,1,35.7171875,139.68187500000002
674,22,2,35.7171875,139.68562500000002
675,22,3,35.7171875,139.689375
676,22,4,35.7171875,139.693125
677,22,5,35.7171875,139.696875
678,22,6,35.7171875,139.70062500000003
679,22,7,35.7171875,139.70437500000003
680,22,8,35.7171875,139.70812500000002
681,22,9,35.7171875,139.71187500000002
682,22,10,35.7171875,139.71562500000002
683,22,11,35.7171875,139.719375
684,22,12,35.7171875,139.723125
685,22,13,35.7171875,139.72687500000004
686,22,14,35.7171875,139.73062500000003
687,22,15,35.7171875,139.73437500000003
688,22,16,35.7171875,139.73812500000003
689,22,17,35.7171875,139.74187500000002
690,22,18,35.7171875,139.74562500000002
691,22,19,35.7171875,139.74937500000001
692,22,20,35.7171875,139.753125
693,22,21,35.7171875,139.756875
694,22,22,35.7171875,139.76062500000003
695,22,23,35.7171875,139.76437500000003
696,22,24,35.7171875,139.76812500000003
697,22,25,35.7171875,139.77187500000002
698,22,26,35.7171875,139.77562500000002
699,22,27,35.7171875,139.77937500000002
700,22,28,35.7171875,139.783125
701,22,29,35.7171875,139.78687500000004
702,22,30,35.7171875,139.79062500000003
703,22,31,35.7171875,139.79437500000003
704,22,32,35.7171875,139.79812500000003
705,23,1,35.7203125,139.68187500000002
706,23,2,35.7203125,139.68562500000002
707,23,3,35.7203125,139.689375
708,23,4,35.7203125,139.693125
709,23,5,35.7203125,139.696875
710,23,6,35.7203125,139.70062500000003
711,23,7,35.7203125,139.70437500000003
712,23,8,35.7203125,139.70812500000002
713,23,9,35.7203125,139.71187500000002
714,23,10,35.7203125,139.71562500000002
715,23,11,35.7203125,139.719375
716,23,12,35.7203125,139.723125
717,23,13,35.7203125,139.72687500000004
718,23,14,35.7203125,139.73062500000003
719,23,15,35.7203125,139.73437500000003
720,23,16,35.7203125,139.73812500000003
721,23,17,35.7203125,139.74187500000002
722,23,18,35.7203125,139.74562500000002
723,23,19,35.7203125,139.74937500000001
724,23,20,35.7203125,139.753125
725,23,21,35.7203125,139.756875
726,23,22,35.7203125,139.76062500000003
727,23,23,35.7203125,139.76437500000003
728,23,24,35.7203125,139.76812500000003
729,23,25,35.7203125,139.77187500000002
730,23,26,35.7203125,139.77562500000002
731,23,27,35.7203125,139.77937500000002
732,23,28,35.7203125,139.783125
733,23,29,35.7203125,139.78687500000004
734,23,30,35.7203125,139.79062500000003
735,23,31,35.7203125,139.79437500000003
736,23,32,35.7203125,139.79812500000003
737,24,1,35.723437499999996,139.68187500000002
738,24,2,35.723437499999996,139.68562500000002
739,24,3,35.723437499999996,139.689375
740,24,4,35.723437499999996,139.693125
741,24,5,35.723437499999996,139.696875
742,24,6,35.723437499999996,139.70062500000003
743,24,7,35.723437499999996,139.70437500000003
744,24,8,35.723437499999996,139.70812500000002
745,24,9,35.723437499999996,139.71187500000002
746,24,10,35.723437499999996,139.71562500000002
747,24,11,35.723437499999996,139.719375
748,24,12,35.723437499999996,139.723125
749,24,13,35.723437499999996,139.72687500000004
750,24,14,35.723437499999996,139.73062500000003
751,24,15,35.723437499999996,139.73437500000003
752,24,16,35.723437499999996,139.73812500000003
753,24,17,35.723437499999996,139.74187500000002
754,24,18,35.723437499999996,139.74562500000002
755,24,19,35.723437499999996,139.74937500000001
756,24,20,35.723437499999996,139.753125
757,24,21,35.723437499999996,139.756875
758,24,22,35.723437499999996,139.76062500000003
759,24,23,35.723437499999996,139.76437500000003
760,24,24,35.723437499999996,139.76812500000003
761,24,25,35.723437499999996,139.77187500000002
762,24,26,35.723437499999996,139.77562500000002
763,24,27,35.723437499999996,139.77937500000002
764,24,28,35.723437499999996,139.783125
765,24,29,35.723437499999996,139.78687500000004
766,24,30,35.723437499999996,139.79062500000003
767,24,31,35.723437499999996,139.79437500000003
768,24,32,35.723437499999996,139.79812500000003
769,25,1,35.7265625,139.68187500000002
770,25,2,35.7265625,139.68562500000002
771,25,3,35.7265625,139.689375
772,25,4,35.7265625,139.693125
773,25,5,35.7265625,139.696875
774,25,6,35.7265625,139.70062500000003
775,25,7,35.7265625,139.70437500000003
776,25,8,35.7265625,139.70812500000002
777,25,9,35.7265625,139.71187500000002
778,25,10,35.7265625,139.71562500000002
779,25,11,35.7265625,139.719375
780,25,12,35.7265625,139.723125
781,25,13,35.7265625,139.72687500000004
782,25,14,35.7265625,139.73062500000003
783,25,15,35.7265625,139.73437500000003
784,25,16,35.7265625,139.73812500000003
785,25,17,35.7265625,139.74187500000002
786,25,18,35.7265625,139.74562500000002
787,25,19,35.7265625,139.74937500000001
788,25,20,35.7265625,139.753125
789,25,21,35.7265625,139.756875
790,25,22,35.7265625,139.76062500000003
791,25,23,35.7265625,139.76437500000003
792,25,24,35.7265625,139.76812500000003
793,25,25,35.7265625,139.77187500000002
794,25,26,35.7265625,139.77562500000002
795,25,27,35.7265625,139.77937500000002
796,25,28,35.7265625,139.783125
797,25,29,35.7265625,139.78687500000004
798,25,30,35.7265625,139.79062500000003
799,25,31,35.7265625,139.79437500000003
800,25,32,35.7265625,139.79812500000003
801,26,1,35.7296875,139.68187500000002
802,26,2,35.7296875,139.68562500000002
803,26,3,35.7296875,139.689375
804,26,4,35.7296875,139.693125
805,26,5,35.7296875,139.696875
806,26,6,35.7296875,139.70062500000003
807,26,7,35.7296875,139.70437500000003
808,26,8,35.7296875,139.70812500000002
809,26,9,35.7296875,139.71187500000002
810,26,10,35.7296875,139.71562500000002
811,26,11,35.7296875,139.719375
812,26,12,35.7296875,139.723125
813,26,13,35.7296875,139.72687500000004
814,26,14,35.7296875,139.73062500000003
815,26,15,35.7296875,139.73437500000003
816,26,16,35.7296875,139.73812500000003
817,26,17,35.7296875,139.74187500000002
818,26,18,35.7296875,139.74562500000002
819,26,19,35.7296875,139.74937500000001
820,26,20,35.7296875,139.753125
821,26,21,35.7296875,139.756875
822,26,22,35.7296875,139.76062500000003
823,26,23,35.7296875,139.76437500000003
824,26,24,35.7296875,139.76812500000003
825,26,25,35.7296875,139.77187500000002
826,26,26,35.7296875,139.77562500000002
827,26,27,35.7296875,139.77937500000002
828,26,28,35.7296875,139.783125
829,26,29,35.7296875,139.78687500000004
830,26,30,35.7296875,139.79062500000003
831,26,31,35.7296875,139.79437500000003
832,26,32,35.7296875,139.79812500000003
833,27,1,35.7328125,139.68187500000002
834,27,2,35.7328125,139.68562500000002
835,27,3,35.7328125,139.689375
836,27,4,35.7328125,139.693125
837,27,5,35.7328125,139.696875
838,27,6,35.7328125,139.70062500000003
839,27,7,35.7328125,139.70437500000003
840,27,8,35.7328125,139.70812500000002
841,27,9,35.7328125,139.71187500000002
842,27,10,35.7328125,139.71562500000002
843,27,11,35.7328125,139.719375
844,27,12,35.7328125,139.723125
845,27,13,35.7328125,139.72687500000004
846,27,14,35.7328125,139.73062500000003
847,27,15,35.7328125,139.73437500000003
848,27,16,35.7328125,139.73812500000003
849,27,17,35.7328125,139.74187500000002
850,27,18,35.7328125,139.74562500000002
851,27,19,35.7328125,139.74937500000001
852,27,20,35.7328125,139.753125
853,27,21,35.7328125,139.756875
854,27,22,35.7328125,139.76062500000003
855,27,23,35.7328125,139.76437500000003
856,27,24,35.7328125,139.76812500000003
857,27,25,35.7328125,139.77187500000002
858,27,26,35.7328125,139.77562500000002
859,27,27,35.7328125,139.77937500000002
860,27,28,35.7328125,139.783125
861,27,29,35.7328125,139.78687500000004
862,27,30,35.7328125,139.79062500000003
863,27,31,35.7328125,139.79437500000003
864,27,32,35.7328125,139.79812500000003
865,28,1,35.7359375,139.68187500000002
866,28,2,35.7359375,139.68562500000002
867,28,3,35.7359375,139.689375
868,28,4,35.7359375,139.693125
869,28,5,35.7359375,139.696875
870,28,6,35.7359375,139.70062500000003
871,28,7,35.7359375,139.70437500000003
872,28,8,35.7359375,139.70812500000002
873,28,9,35.7359375,139.71187500000002
874,28,10,35.7359375,139.71562500000002
875,28,11,35.7359375,139.719375
876,28,12,35.7359375,139.723125
877,28,13,35.7359375,139.72687500000004
878,28,14,35.7359375,139.73062500000003
879,28,15,35.7359375,139.73437500000003
880,28,16,35.7359375,139.73812500000003
881,28,17,35.7359375,139.74187500000002
882,28,18,35.7359375,139.74562500000002
883,28,19,35.7359375,139.74937500000001
884,28,20,35.7359375,139.753125
885,28,21,35.7359375,139.756875
886,28,22,35.7359375,139.76062500000003
887,28,23,35.7359375,139.76437500000003
888,28,24,35.7359375,139.76812500000003
889,28,25,35.7359375,139.77187500000002
890,28,26,35.7359375,139.77562500000002
891,28,27,35.7359375,139.77937500000002
892,28,28,35.7359375,139.783125
893,28,29,35.7359375,139.78687500000004
894,28,30,35.7359375,139.79062500000003
895,28,31,35.7359375,139.79437500000003
896,28,32,35.7359375,139.79812500000003
897,29,1,35.739062499999996,139.68187500000002
898,29,2,35.739062499999996,139.68562500000002
899,29,3,35.739062499999996,139.689375
900,29,4,35.739062499999996,139.693125
901,29,5,35.739062499999996,139.696875
902,29,6,35.739062499999996,139.70062500000003
903,29,7,35.739062499999996,139.70437500000003
904,29,8,35.739062499999996,139.70812500000002
905,29,9,35.739062499999996,139.71187500000002
906,29,10,35.739062499999996,139.71562500000002
907,29,11,35.739062499999996,139.719375
908,29,12,35.739062499999996,139.723125
909,29,13,35.739062499999996,139.72687500000004
910,29,14,35.739062499999996,139.73062500000003
911,29,15,35.739062499999996,139.73437500000003
912,29,16,35.739062499999996,139.73812500000003
913,29,17,35.739062499999996,139.74187500000002
914,29,18,35.739062499999996,139.74562500000002
915,29,19,35.739062499999996,139.74937500000001
916,29,20,35.739062499999996,139.753125
917,29,21,35.739062499999996,139.756875
918,29,22,35.739062499999996,139.76062500000003
919,29,23,35.739062499999996,139.76437500000003
920,29,24,35.739062499999996,139.76812500000003
921,29,25,35.739062499999996,139.77187500000002
922,29,26,35.739062499999996,139.77562500000002
923,29,27,35.739062499999996,139.77937500000002
924,29,28,35.739062499999996,139.783125
925,29,29,35.739062499999996,139.78687500000004
926,29,30,35.739062499999996,139.79062500000003
927,29,31,35.739062499999996,139.79437500000003
928,29,32,35.739062499999996,139.79812500000003
929,30,1,35.7421875,139.68187500000002
930,30,2,35.7421875,139.68562500000002
931,30,3,35.7421875,139.689375
932,30,4,35.7421875,139.693125
933,30,5,35.7421875,139.696875
934,30,6,35.7421875,139.70062500000003
935,30,7,35.7421875,139.70437500000003
936,30,8,35.7421875,139.70812500000002
937,30,9,35.7421875,139.71187500000002
938,30,10,35.7421875,139.71562500000002
939,30,11,35.7421875,139.719375
940,30,12,35.7421875,139.723125
941,30,13,35.7421875,139.72687500000004
942,30,14,35.7421875,139.73062500000003
943,30,15,35.7421875,139.73437500000003
944,30,16,35.7421875,139.73812500000003
945,30,17,35.7421875,139.74187500000002
946,30,18,35.7421875,139.74562500000002
947,30,19,35.7421875,139.74937500000001
948,30,20,35.7421875,139.753125
949,30,21,35.7421875,139.756875
950,30,22,35.7421875,139.76062500000003
951,30,23,35.7421875,139.76437500000003
952,30,24,35.7421875,139.76812500000003
953,30,25,35.7421875,139.77187500000002
954,30,26,35.7421875,139.77562500000002
955,30,27,35.7421875,139.77937500000002
956,30,28,35.7421875,139.783125
957,30,29,35.7421875,139.78687500000004
958,30,30,35.7421875,139.79062500000003
959,30,31,35.7421875,139.79437500000003
960,30,32,35.7421875,139.79812500000003
961,31,1,35.7453125,139.68187500000002
962,31,2,35.7453125,139.68562500000002
963,31,3,35.7453125,139.689375
964,31,4,35.7453125,139.693125
965,31,5,35.7453125,139.696875
966,31,6,35.7453125,139.70062500000003
967,31,7,35.7453125,139.70437500000003
968,31,8,35.7453125,139.70812500000002
969,31,9,35.7453125,139.71187500000002
970,31,10,35.7453125,139.71562500000002
971,31,11,35.7453125,139.719375
972,31,12,35.7453125,139.723125
973,31,13,35.7453125,139.72687500000004
974,31,14,35.7453125,139.73062500000003
975,31,15,35.7453125,139.73437500000003
976,31,16,35.7453125,139.73812500000003
977,31,17,35.7453125,139.74187500000002
978,31,18,35.7453125,139.74562500000002
979,31,19,35.7453125,139.74937500000001
980,31,20,35.7453125,139.753125
981,31,21,35.7453125,139.756875
982,31,22,35.7453125,139.76062500000003
983,31,23,35.7453125,139.76437500000003
984,31,24,35.7453125,139.76812500000003
985,31,25,35.7453125,139.77187500000002
986,31,26,35.7453125,139.77562500000002
987,31,27,35.7453125,139.77937500000002
988,31,28,35.7453125,139.783125
989,31,29,35.7453125,139.78687500000004
990,31,30,35.7453125,139.79062500000003
991,31,31,35.7453125,139.79437500000003
992,31,32,35.7453125,139.79812500000003
993,32,1,35.7484375,139.68187500000002
994,32,2,35.7484375,139.68562500000002
995,32,3,35.7484375,139.689375
996,32,4,35.7484375,139.693125
997,32,5,35.7484375,139.696875
998,32,6,35.7484375,139.70062500000003
999,32,7,35.7484375,139.70437500000003
1000,32,8,35.7484375,139.70812500000002
1001,32,9,35.7484375,139.71187500000002
1002,32,10,35.7484375,139.71562500000002
1003,32,11,35.7484375,139.719375
1004,32,12,35.7484375,139.723125
1005,32,13,35.7484375,139.72687500000004
1006,32,14,35.7484375,139.73062500000003
1007,32,15,35.7484375,139.73437500000003
1008,32,16,35.7484375,139.73812500000003
1009,32,17,35.7484375,139.74187500000002
1010,32,18,35.7484375,139.74562500000002
1011,32,19,35.7484375,139.74937500000001
1012,32,20,35.7484375,139.753125
1013,32,21,35.7484375,139.756875
1014,32,22,35.7484375,139.76062500000003
1015,32,23,35.7484375,139.76437500000003
1016,32,24,35.7484375,139.76812500000003
1017,32,25,35.7484375,139.77187500000002
1018,32,26,35.7484375,139.77562500000002
1019,32,27,35.7484375,139.77937500000002
1020,32,28,35.7484375,139.783125
1021,32,29,35.7484375,139.78687500000004
1022,32,30,35.7484375,139.79062500000003
1023,32,31,35.7484375,139.79437500000003
1024,32,32,35.7484375,139.79812500000003
